900,,
Michael,100,962
Christopher,101,783
Jessica,102,598
Matthew,103,935
Ashley,104,809
Jennifer,105,542
Joshua,106,941
Amanda,107,574
Daniel,108,713
David,109,708
James,110,137
Robert,111,910
John,112,793
Joseph,113,169
Andrew,114,666
Ryan,115,570
Brandon,116,883
Jason,117,18
Justin,118,508
Sarah,119,505
William,120,349
Jonathan,121,789
Stephanie,122,960
Brian,123,640
Nicole,124,174
Nicholas,125,142
Anthony,126,733
Heather,127,218
Eric,128,256
Elizabeth,129,311
Adam,130,348
Megan,131,687
Melissa,132,243
Kevin,133,369
Steven,134,739
Thomas,135,870
Timothy,136,886
Christina,137,381
Kyle,138,532
Rachel,139,798
Laura,140,92
Lauren,141,180
Amber,142,683
Brittany,143,287
Danielle,144,270
Richard,145,994
Kimberly,146,263
Jeffrey,147,564
Amy,148,773
Crystal,149,545
Michelle,150,150
Tiffany,151,151
Jeremy,152,152
Benjamin,153,153
Mark,154,154
Emily,155,155
Aaron,156,156
Charles,157,157
Rebecca,158,158
Jacob,159,159
Stephen,160,160
Patrick,161,161
Sean,162,162
Erin,163,163
Zachary,164,164
Jamie,165,165
Kelly,166,166
Samantha,167,167
Nathan,168,168
Sara,169,169
Dustin,170,170
Paul,171,171
Angela,172,172
Tyler,173,173
Scott,174,174
Katherine,175,175
Andrea,176,176
Gregory,177,177
Erica,178,178
Mary,179,179
Travis,180,180
Lisa,181,181
Kenneth,182,182
Bryan,183,183
Lindsey,184,184
Kristen,185,185
Jose,186,186
Alexander,187,187
Jesse,188,188
Katie,189,189
Lindsay,190,190
Shannon,191,191
Vanessa,192,192
Courtney,193,193
Christine,194,194
Alicia,195,195
Cody,196,196
Allison,197,197
Bradley,198,198
Samuel,199,199
Shawn,200,200
April,201,201
Derek,202,202
Kathryn,203,203
Kristin,204,204
Chad,205,205
Jenna,206,206
Tara,207,207
Maria,208,208
Krystal,209,209
Jared,210,210
Anna,211,211
Edward,212,212
Julie,213,213
Peter,214,214
Holly,215,215
Marcus,216,216
Kristina,217,217
Natalie,218,218
Jordan,219,219
Victoria,220,220
Jacqueline,221,221
Corey,222,222
Keith,223,223
Monica,224,224
Juan,225,225
Donald,226,226
Cassandra,227,227
Meghan,228,228
Joel,229,229
Shane,230,230
Phillip,231,231
Patricia,232,232
Brett,233,233
Ronald,234,234
Catherine,235,235
George,236,236
Antonio,237,237
Cynthia,238,238
Stacy,239,239
Kathleen,240,240
Raymond,241,241
Carlos,242,242
Brandi,243,243
Douglas,244,244
Nathaniel,245,245
Ian,246,246
Craig,247,247
Brandy,248,248
Alex,249,249
Valerie,250,250
Veronica,251,251
Cory,252,252
Whitney,253,253
Gary,254,254
Derrick,255,255
Philip,256,256
Luis,257,257
Diana,258,258
Chelsea,259,259
Leslie,260,260
Caitlin,261,261
Leah,262,262
Natasha,263,263
Erika,264,264
Casey,265,265
Latoya,266,266
Erik,267,267
Dana,268,268
Victor,269,269
Brent,270,270
Dominique,271,271
Frank,272,272
Brittney,273,273
Evan,274,274
Gabriel,275,275
Julia,276,276
Candice,277,277
Karen,278,278
Melanie,279,279
Adrian,280,280
Stacey,281,281
Margaret,282,282
Sheena,283,283
Wesley,284,284
Vincent,285,285
Alexandra,286,286
Katrina,287,287
Bethany,288,288
Nichole,289,289
Larry,290,290
Jeffery,291,291
Curtis,292,292
Carrie,293,293
Todd,294,294
Blake,295,295
Christian,296,296
Randy,297,297
Dennis,298,298
Alison,299,299
Trevor,300,300
Seth,301,301
Kara,302,302
Joanna,303,303
Rachael,304,304
Luke,305,305
Felicia,306,306
Brooke,307,307
Austin,308,308
Candace,309,309
Jasmine,310,310
Jesus,311,311
Alan,312,312
Susan,313,313
Sandra,314,314
Tracy,315,315
Kayla,316,316
Nancy,317,317
Tina,318,318
Krystle,319,319
Russell,320,320
Jeremiah,321,321
Carl,322,322
Miguel,323,323
Tony,324,324
Alexis,325,325
Gina,326,326
Jillian,327,327
Pamela,328,328
Mitchell,329,329
Hannah,330,330
Renee,331,331
Denise,332,332
Molly,333,333
Jerry,334,334
Misty,335,335
Mario,336,336
Johnathan,337,337
Jaclyn,338,338
Brenda,339,339
Terry,340,340
Lacey,341,341
Shaun,342,342
Devin,343,343
Heidi,344,344
Troy,345,345
Lucas,346,346
Desiree,347,347
Jorge,348,348
Andre,349,349
Morgan,350,350
Drew,351,351
Sabrina,352,352
Miranda,353,353
Alyssa,354,354
Alisha,355,355
Teresa,356,356
Johnny,357,357
Meagan,358,358
Allen,359,359
Krista,360,360
Marc,361,361
Tabitha,362,362
Lance,363,363
Ricardo,364,364
Martin,365,365
Chase,366,366
Theresa,367,367
Melinda,368,368
Monique,369,369
Tanya,370,370
Linda,371,371
Kristopher,372,372
Bobby,373,373
Caleb,374,374
Ashlee,375,375
Kelli,376,376
Henry,377,377
Garrett,378,378
Mallory,379,379
Jill,380,380
Jonathon,381,381
Kristy,382,382
Anne,383,383
Francisco,384,384
Danny,385,385
Robin,386,386
Lee,387,387
Tamara,388,388
Manuel,389,389
Meredith,390,390
Colleen,391,391
Lawrence,392,392
Christy,393,393
Ricky,394,394
Randall,395,395
Marissa,396,396
Ross,397,397
Mathew,398,398
Jimmy,399,399
Abigail,400,400
Kendra,401,401
Carolyn,402,402
Billy,403,403
Deanna,404,404
Jenny,405,405
Jon,406,406
Albert,407,407
Taylor,408,408
Lori,409,409
Rebekah,410,410
Cameron,411,411
Ebony,412,412
Wendy,413,413
Angel,414,414
Micheal,415,415
Kristi,416,416
Caroline,417,417
Colin,418,418
Dawn,419,419
Kari,420,420
Clayton,421,421
Arthur,422,422
Roger,423,423
Roberto,424,424
Priscilla,425,425
Darren,426,426
Kelsey,427,427
Clinton,428,428
Walter,429,429
Louis,430,430
Barbara,431,431
Isaac,432,432
Cassie,433,433
Grant,434,434
Cristina,435,435
Tonya,436,436
Rodney,437,437
Bridget,438,438
Joe,439,439
Cindy,440,440
Oscar,441,441
Willie,442,442
Maurice,443,443
Jaime,444,444
Angelica,445,445
Sharon,446,446
Julian,447,447
Jack,448,448
Jay,449,449
Calvin,450,450
Marie,451,451
Hector,452,452
Kate,453,453
Adrienne,454,454
Tasha,455,455
Michele,456,456
Ana,457,457
Stefanie,458,458
Cara,459,459
Alejandro,460,460
Ruben,461,461
Gerald,462,462
Audrey,463,463
Kristine,464,464
Ann,465,465
Shana,466,466
Javier,467,467
Katelyn,468,468
Brianna,469,469
Bruce,470,470
Deborah,471,471
Claudia,472,472
Carla,473,473
Wayne,474,474
Roy,475,475
Virginia,476,476
Haley,477,477
Brendan,478,478
Janelle,479,479
Jacquelyn,480,480
Beth,481,481
Edwin,482,482
Dylan,483,483
Dominic,484,484
Latasha,485,485
Darrell,486,486
Geoffrey,487,487
Savannah,488,488
Reginald,489,489
Carly,490,490
Fernando,491,491
Ashleigh,492,492
Aimee,493,493
Regina,494,494
Mandy,495,495
Sergio,496,496
Rafael,497,497
Pedro,498,498
Janet,499,499
Kaitlin,500,500
Frederick,501,501
Cheryl,502,502
Autumn,503,503
Tyrone,504,504
Martha,505,505
Omar,506,506
Lydia,507,507
Jerome,508,508
Theodore,509,509
Abby,510,510
Neil,511,511
Shawna,512,512
Sierra,513,513
Nina,514,514
Tammy,515,515
Nikki,516,516
Terrance,517,517
Donna,518,518
Claire,519,519
Cole,520,520
Trisha,521,521
Bonnie,522,522
Diane,523,523
Summer,524,524
Carmen,525,525
Mayra,526,526
Jermaine,527,527
Eddie,528,528
Micah,529,529
Marvin,530,530
Levi,531,531
Emmanuel,532,532
Brad,533,533
Taryn,534,534
Toni,535,535
Jessie,536,536
Evelyn,537,537
Darryl,538,538
Ronnie,539,539
Joy,540,540
Adriana,541,541
Ruth,542,542
Mindy,543,543
Spencer,544,544
Noah,545,545
Raul,546,546
Suzanne,547,547
Sophia,548,548
Dale,549,549
Jodi,550,550
Christie,551,551
Raquel,552,552
Naomi,553,553
Kellie,554,554
Ernest,555,555
Jake,556,556
Grace,557,557
Tristan,558,558
Shanna,559,559
Hilary,560,560
Eduardo,561,561
Ivan,562,562
Hillary,563,563
Yolanda,564,564
Alberto,565,565
Andres,566,566
Olivia,567,567
Armando,568,568
Paula,569,569
Amelia,570,570
Sheila,571,571
Rosa,572,572
Robyn,573,573
Kurt,574,574
Dane,575,575
Glenn,576,576
Nicolas,577,577
Gloria,578,578
Eugene,579,579
Logan,580,580
Steve,581,581
Ramon,582,582
Bryce,583,583
Tommy,584,584
Preston,585,585
Keri,586,586
Devon,587,587
Alana,588,588
Marisa,589,589
Melody,590,590
Rose,591,591
Barry,592,592
Marco,593,593
Karl,594,594
Daisy,595,595
Leonard,596,596
Randi,597,597
Maggie,598,598
Charlotte,599,599
Emma,600,600
Terrence,601,601
Justine,602,602
Britney,603,603
Lacy,604,604
Jeanette,605,605
Francis,606,606
Tyson,607,607
Elise,608,608
Sylvia,609,609
Rachelle,610,610
Stanley,611,611
Debra,612,612
Brady,613,613
Charity,614,614
Hope,615,615
Melvin,616,616
Johanna,617,617
Karla,618,618
Jarrod,619,619
Charlene,620,620
Gabrielle,621,621
Cesar,622,622
Clifford,623,623
Byron,624,624
Terrell,625,625
Sonia,626,626
Julio,627,627
Stacie,628,628
Shelby,629,629
Shelly,630,630
Edgar,631,631
Roxanne,632,632
Dwayne,633,633
Kaitlyn,634,634
Kasey,635,635
Jocelyn,636,636
Alexandria,637,637
Harold,638,638
Esther,639,639
Kerri,640,640
Ellen,641,641
Abraham,642,642
Cedric,643,643
Carol,644,644
Katharine,645,645
Shauna,646,646
Frances,647,647
Antoine,648,648
Tabatha,649,649
Annie,650,650
Erick,651,651
Alissa,652,652
Sherry,653,653
Chelsey,654,654
Franklin,655,655
Branden,656,656
Helen,657,657
Traci,658,658
Lorenzo,659,659
Dean,660,660
Sonya,661,661
Briana,662,662
Angelina,663,663
Trista,664,664
Bianca,665,665
Leticia,666,666
Tia,667,667
Kristie,668,668
Stuart,669,669
Laurie,670,670
Harry,671,671
Leigh,672,672
Elisabeth,673,673
Alfredo,674,674
Aubrey,675,675
Ray,676,676
Arturo,677,677
Joey,678,678
Kelley,679,679
Max,680,680
Andy,681,681
Latisha,682,682
Johnathon,683,683
India,684,684
Eva,685,685
Ralph,686,686
Yvonne,687,687
Warren,688,688
Kirsten,689,689
Miriam,690,690
Kelvin,691,691
Lorena,692,692
Staci,693,693
Anita,694,694
Rene,695,695
Cortney,696,696
Orlando,697,697
Carissa,698,698
Jade,699,699
Camille,700,700
Leon,701,701
Paige,702,702
Marcos,703,703
Elena,704,704
Brianne,705,705
Dorothy,706,706
Marshall,707,707
Daryl,708,708
Colby,709,709
Terri,710,710
Gabriela,711,711
Brock,712,712
Gerardo,713,713
Jane,714,714
Nelson,715,715
Tamika,716,716
Alvin,717,717
Chasity,718,718
Trent,719,719
Jana,720,720
Enrique,721,721
Tracey,722,722
Antoinette,723,723
Jami,724,724
Earl,725,725
Gilbert,726,726
Damien,727,727
Janice,728,728
Christa,729,729
Tessa,730,730
Kirk,731,731
Yvette,732,732
Elijah,733,733
Howard,734,734
Elisa,735,735
Desmond,736,736
Clarence,737,737
Alfred,738,738
Darnell,739,739
Breanna,740,740
Kerry,741,741
Nickolas,742,742
Maureen,743,743
Karina,744,744
Roderick,745,745
Rochelle,746,746
Rhonda,747,747
Keisha,748,748
Irene,749,749
Ethan,750,750
Alice,751,751
Allyson,752,752
Hayley,753,753
Trenton,754,754
Beau,755,755
Elaine,756,756
Demetrius,757,757
Cecilia,758,758
Annette,759,759
Brandie,760,760
Katy,761,761
Tricia,762,762
Bernard,763,763
Wade,764,764
Chance,765,765
Bryant,766,766
Zachery,767,767
Clifton,768,768
Julianne,769,769
Angelo,770,770
Elyse,771,771
Lyndsey,772,772
Clarissa,773,773
Meaghan,774,774
Tanisha,775,775
Ernesto,776,776
Isaiah,777,777
Xavier,778,778
Clint,779,779
Jamal,780,780
Kathy,781,781
Salvador,782,782
Jena,783,783
Marisol,784,784
Darius,785,785
Guadalupe,786,786
Chris,787,787
Patrice,788,788
Jenifer,789,789
Lynn,790,790
Landon,791,791
Brenton,792,792
Sandy,793,793
Jasmin,794,794
Ariel,795,795
Sasha,796,796
Juanita,797,797
Israel,798,798
Ericka,799,799
Quentin,800,800
Jayme,801,801
Damon,802,802
Heath,803,803
Kira,804,804
Ruby,805,805
Rita,806,806
Tiara,807,807
Jackie,808,808
Jennie,809,809
Collin,810,810
Lakeisha,811,811
Kenny,812,812
Norman,813,813
Leanne,814,814
Hollie,815,815
Destiny,816,816
Shelley,817,817
Amie,818,818
Callie,819,819
Hunter,820,820
Duane,821,821
Sally,822,822
Serena,823,823
Lesley,824,824
Connie,825,825
Dallas,826,826
Simon,827,827
Neal,828,828
Laurel,829,829
Eileen,830,830
Lewis,831,831
Bobbie,832,832
Faith,833,833
Brittani,834,834
Shayla,835,835
Eli,836,836
Judith,837,837
Terence,838,838
Ciara,839,839
Charlie,840,840
Alyson,841,841
Vernon,842,842
Alma,843,843
Quinton,844,844
Nora,845,845
Lillian,846,846
Leroy,847,847
Joyce,848,848
Chrystal,849,849
Marquita,850,850
Lamar,851,851
Ashlie,852,852
Kent,853,853
Emanuel,854,854
Joanne,855,855
Gavin,856,856
Yesenia,857,857
Perry,858,858
Marilyn,859,859
Graham,860,860
Constance,861,861
Lena,862,862
Allan,863,863
Juliana,864,864
Jayson,865,865
Shari,866,866
Nadia,867,867
Tanner,868,868
Isabel,869,869
Becky,870,870
Rudy,871,871
Blair,872,872
Christen,873,873
Rosemary,874,874
Marlon,875,875
Glen,876,876
Genevieve,877,877
Damian,878,878
Michaela,879,879
Shayna,880,880
Marquis,881,881
Fredrick,882,882
Celeste,883,883
Bret,884,884
Betty,885,885
Kurtis,886,886
Rickey,887,887
Dwight,888,888
Rory,889,889
Mia,890,890
Josiah,891,891
Norma,892,892
Bridgette,893,893
Shirley,894,894
Sherri,895,895
Noelle,896,896
Chantel,897,897
Alisa,898,898
Zachariah,899,899
Jody,900,900
Christin,901,901
Julius,902,902
Gordon,903,903
Latonya,904,904
Lara,905,905
Lucy,906,906
Jarrett,907,907
Elisha,908,908
Deandre,909,909
Audra,910,910
Beverly,911,911
Felix,912,912
Alejandra,913,913
Nolan,914,914
Tiffani,915,915
Lonnie,916,916
Don,917,917
Darlene,918,918
Rodolfo,919,919
Terra,920,920
Sheri,921,921
Iris,922,922
Maxwell,923,923
Kendall,924,924
Ashly,925,925
Kendrick,926,926
Jean,927,927
Jarvis,928,928
Fred,929,929
Tierra,930,930
Abel,931,931
Pablo,932,932
Maribel,933,933
Donovan,934,934
Stephan,935,935
Judy,936,936
Elliott,937,937
Tyrell,938,938
Chanel,939,939
Miles,940,940
Fabian,941,941
Alfonso,942,942
Cierra,943,943
Mason,944,944
Larissa,945,945
Elliot,946,946
Brenna,947,947
Bradford,948,948
Kristal,949,949
Gustavo,950,950
Gretchen,951,951
Derick,952,952
Jarred,953,953
Pierre,954,954
Lloyd,955,955
Jolene,956,956
Marlene,957,957
Leo,958,958
Jamar,959,959
Dianna,960,960
Noel,961,961
Angie,962,962
Tatiana,963,963
Rick,964,964
Leann,965,965
Corinne,966,966
Sydney,967,967
Belinda,968,968
Lora,969,969
Mackenzie,970,970
Herbert,971,971
Guillermo,972,972
Tameka,973,973
Elias,974,974
Janine,975,975
Ben,976,976
Stefan,977,977
Josephine,978,978
Dominick,979,979
Jameson,980,980
Bobbi,981,981
Blanca,982,982
Josue,983,983
Esmeralda,984,984
Darin,985,985
Ashely,986,986
Clay,987,987
Cassidy,988,988
Roland,989,989
Ismael,990,990
Harrison,991,991
Lorraine,992,992
Owen,993,993
Daniela,994,994
Rocky,995,995
Marisela,996,996
Saul,997,997
Kory,998,998
Dexter,999,999